{
  "project_info": {
    "project_number": "172491977391",
    "project_id": "fir-example-65caf",
    "storage_bucket": "fir-example-65caf.appspot.com"
  },
  "client": [
    {
      "client_info": {
        "mobilesdk_app_id": "1:172491977391:android:6da56c4b91e2103cd05a5a",
        "android_client_info": {
          "package_name": "com.example.firebaseexample"
        }
      },
      "oauth_client": [],
      "api_key": [
        {
          "current_key": "AIzaSyBC0RlUerPqKq61h2TC-Z4diHiXbrKeI5Q"
        }
      ],
      "services": {
        "appinvite_service": {
          "other_platform_oauth_client": []
        }
      }
    }
  ],
  "configuration_version": "1"
}